{
  "accuracy": 0.46474358974358976,
  "precision": 0.9,
  "recall": 0.16153846153846155,
  "f1": 0.27391304347826084,
  "auc": 0.8769449923296077,
  "confusion_matrix": [
    [
      227,
      7
    ],
    [
      327,
      63
    ]
  ]
}