{
  "train_loss": [
    0.07812366039334168,
    0.013779123191636001,
    0.018855950393859424,
    0.025260312488808594,
    0.004203276561758278,
    0.00275620930684316,
    0.00496412865372689,
    0.013392038872145665,
    0.0134273835860587,
    0.004022852961077575,
    0.004820038916546593,
    0.008894392107952754,
    0.007935068916552216,
    0.005138711457526133,
    0.0023234678896982266
  ],
  "train_acc": [
    0.9708935018050542,
    0.9941335740072202,
    0.993456678700361,
    0.9907490974729242,
    0.9990974729241877,
    0.9990974729241877,
    0.9988718411552346,
    0.9963898916967509,
    0.9957129963898917,
    0.9993231046931408,
    0.9984205776173285,
    0.9977436823104693,
    0.9975180505415162,
    0.9981949458483754,
    0.9990974729241877
  ],
  "val_loss": [
    0.05118509527127738,
    0.004433542982988744,
    0.019563180211989398,
    0.03742921700206946,
    0.00025320168587851944,
    0.006493977982231348,
    0.05007418244006389,
    0.006248127424330552,
    0.00021593570507379457,
    0.00023696567311784885,
    0.018350326033510334,
    0.012269133846991947,
    0.0021968408378894794,
    0.00010731130360185563,
    2.6881695598789593e-05
  ],
  "val_acc": [
    0.9821428571428571,
    1.0,
    0.9974489795918368,
    0.9936224489795918,
    1.0,
    0.9987244897959183,
    0.9808673469387755,
    0.9974489795918368,
    1.0,
    1.0,
    0.9923469387755102,
    0.9987244897959183,
    1.0,
    1.0,
    1.0
  ],
  "val_precision": [
    0.984641638225256,
    1.0,
    0.9965753424657534,
    1.0,
    1.0,
    0.9982847341337907,
    1.0,
    0.9965753424657534,
    1.0,
    1.0,
    1.0,
    0.9982847341337907,
    1.0,
    1.0,
    1.0
  ],
  "val_recall": [
    0.9914089347079038,
    1.0,
    1.0,
    0.9914089347079038,
    1.0,
    1.0,
    0.9742268041237113,
    1.0,
    1.0,
    1.0,
    0.9896907216494846,
    1.0,
    1.0,
    1.0,
    1.0
  ],
  "val_f1": [
    0.988013698630137,
    1.0,
    0.9982847341337907,
    0.9956859361518551,
    1.0,
    0.9991416309012876,
    0.9869451697127938,
    0.9982847341337907,
    1.0,
    1.0,
    0.9948186528497409,
    0.9991416309012876,
    1.0,
    1.0,
    1.0
  ],
  "val_auc": [
    0.9989792793712361,
    1.0,
    0.9999829879895206,
    1.0,
    1.0,
    1.0,
    0.9999914939947603,
    1.0,
    1.0,
    1.0,
    1.0,
    1.0,
    1.0,
    1.0,
    1.0
  ],
  "learning_rates": [
    0.0005,
    0.0005,
    0.0005,
    0.0005,
    0.0005,
    0.0005,
    0.0005,
    0.0005,
    0.0005,
    0.0005,
    0.0005,
    0.0005,
    0.0005,
    0.00025,
    0.00025
  ]
}