{
  "accuracy": 0.9887820512820513,
  "precision": 0.982367758186398,
  "recall": 1.0,
  "f1": 0.9911054637865311,
  "auc": 0.9998246767477537,
  "confusion_matrix": [
    [
      227,
      7
    ],
    [
      0,
      390
    ]
  ]
}